{
  "LinearRegression": {
    "MAE": 0.008899247984849425,
    "R2": -0.015449992185613493
  },
  "RandomForest": {
    "MAE": 0.019706432612134697,
    "R2": -3.1945809475079656
  }
}